0,1
야놀자(Yanolja),https://finance.naver.com/sise/sise_group_detail.naver?type=theme&no=483
인터넷 대표주,https://finance.naver.com/sise/sise_group_detail.naver?type=theme&no=49
일자리(취업),https://finance.naver.com/sise/sise_group_detail.naver?type=theme&no=324
가상화폐(비트코인 등),https://finance.naver.com/sise/sise_group_detail.naver?type=theme&no=331
건설 대표주,https://finance.naver.com/sise/sise_group_detail.naver?type=theme&no=154
항공/저가 항공사(LCC),https://finance.naver.com/sise/sise_group_detail.naver?type=theme&no=166
홈쇼핑,https://finance.naver.com/sise/sise_group_detail.naver?type=theme&no=38
은행,https://finance.naver.com/sise/sise_group_detail.naver?type=theme&no=165
게임,https://finance.naver.com/sise/sise_group_detail.naver?type=theme&no=42
종합상사,https://finance.naver.com/sise/sise_group_detail.naver?type=theme&no=325
통신,https://finance.naver.com/sise/sise_group_detail.naver?type=theme&no=126
STO(증권형 토큰 발행),https://finance.naver.com/sise/sise_group_detail.naver?type=theme&no=531
손해보험,https://finance.naver.com/sise/sise_group_detail.naver?type=theme&no=164
SNS(소셜네트워크서비스),https://finance.naver.com/sise/sise_group_detail.naver?type=theme&no=317
K-뉴딜지수(인터넷),https://finance.naver.com/sise/sise_group_detail.naver?type=theme&no=459
NFT(대체불가토큰),https://finance.naver.com/sise/sise_group_detail.naver?type=theme&no=492
음원/음반,https://finance.naver.com/sise/sise_group_detail.naver?type=theme&no=98
증권,https://finance.naver.com/sise/sise_group_detail.naver?type=theme&no=151
카카오뱅크(kakao BANK),https://finance.naver.com/sise/sise_group_detail.naver?type=theme&no=489
모바일게임(스마트폰),https://finance.naver.com/sise/sise_group_detail.naver?type=theme&no=265
창투사,https://finance.naver.com/sise/sise_group_detail.naver?type=theme&no=119
반도체 대표주(생산),https://finance.naver.com/sise/sise_group_detail.naver?type=theme&no=155
K-뉴딜지수(게임),https://finance.naver.com/sise/sise_group_detail.naver?type=theme&no=460
케이블TV SO/MSO,https://finance.naver.com/sise/sise_group_detail.naver?type=theme&no=70
애플페이,https://finance.naver.com/sise/sise_group_detail.naver?type=theme&no=521
SI(시스템통합),https://finance.naver.com/sise/sise_group_detail.naver?type=theme&no=17
아이폰,https://finance.naver.com/sise/sise_group_detail.naver?type=theme&no=388
환율하락 수혜,https://finance.naver.com/sise/sise_group_detail.naver?type=theme&no=31
지주사,https://finance.naver.com/sise/sise_group_detail.naver?type=theme&no=111
모더나(MODERNA),https://finance.naver.com/sise/sise_group_detail.naver?type=theme&no=467
공작기계,https://finance.naver.com/sise/sise_group_detail.naver?type=theme&no=297
테마파크,https://finance.naver.com/sise/sise_group_detail.naver?type=theme&no=181
UAM(도심항공모빌리티),https://finance.naver.com/sise/sise_group_detail.naver?type=theme&no=462
리츠(REITs),https://finance.naver.com/sise/sise_group_detail.naver?type=theme&no=310
두나무(Dunamu),https://finance.naver.com/sise/sise_group_detail.naver?type=theme&no=482
렌터카,https://finance.naver.com/sise/sise_group_detail.naver?type=theme&no=525
메타버스(Metaverse),https://finance.naver.com/sise/sise_group_detail.naver?type=theme&no=480
모듈러주택,https://finance.naver.com/sise/sise_group_detail.naver?type=theme&no=524
페인트,https://finance.naver.com/sise/sise_group_detail.naver?type=theme&no=330
편의점,https://finance.naver.com/sise/sise_group_detail.naver?type=theme&no=384
마이크로 LED,https://finance.naver.com/sise/sise_group_detail.naver?type=theme&no=390
소매유통,https://finance.naver.com/sise/sise_group_detail.naver?type=theme&no=136
블록체인,https://finance.naver.com/sise/sise_group_detail.naver?type=theme&no=387
스마트홈(홈네트워크),https://finance.naver.com/sise/sise_group_detail.naver?type=theme&no=104
태풍 및 장마,https://finance.naver.com/sise/sise_group_detail.naver?type=theme&no=82
소모성자재구매대행(MRO),https://finance.naver.com/sise/sise_group_detail.naver?type=theme&no=312
삼성페이,https://finance.naver.com/sise/sise_group_detail.naver?type=theme&no=348
종합 물류,https://finance.naver.com/sise/sise_group_detail.naver?type=theme&no=141
제지,https://finance.naver.com/sise/sise_group_detail.naver?type=theme&no=63
무선충전기술,https://finance.naver.com/sise/sise_group_detail.naver?type=theme&no=321
골판지 제조,https://finance.naver.com/sise/sise_group_detail.naver?type=theme&no=170
토스(toss),https://finance.naver.com/sise/sise_group_detail.naver?type=theme&no=497
카메라모듈/부품,https://finance.naver.com/sise/sise_group_detail.naver?type=theme&no=41
재난/안전(지진 등),https://finance.naver.com/sise/sise_group_detail.naver?type=theme&no=335
패션/의류,https://finance.naver.com/sise/sise_group_detail.naver?type=theme&no=32
백화점,https://finance.naver.com/sise/sise_group_detail.naver?type=theme&no=318
"주류업(주정, 에탄올 등)",https://finance.naver.com/sise/sise_group_detail.naver?type=theme&no=86
자동차 대표주,https://finance.naver.com/sise/sise_group_detail.naver?type=theme&no=159
엔터테인먼트,https://finance.naver.com/sise/sise_group_detail.naver?type=theme&no=128
면세점,https://finance.naver.com/sise/sise_group_detail.naver?type=theme&no=380
갤럭시 부품주,https://finance.naver.com/sise/sise_group_detail.naver?type=theme&no=393
제4이동통신,https://finance.naver.com/sise/sise_group_detail.naver?type=theme&no=292
제습기,https://finance.naver.com/sise/sise_group_detail.naver?type=theme&no=328
원자력발전소 해체,https://finance.naver.com/sise/sise_group_detail.naver?type=theme&no=401
여름,https://finance.naver.com/sise/sise_group_detail.naver?type=theme&no=76
IT 대표주,https://finance.naver.com/sise/sise_group_detail.naver?type=theme&no=173
GTX(수도권 광역급행철도),https://finance.naver.com/sise/sise_group_detail.naver?type=theme&no=237
방위산업/전쟁 및 테러,https://finance.naver.com/sise/sise_group_detail.naver?type=theme&no=144
생명보험,https://finance.naver.com/sise/sise_group_detail.naver?type=theme&no=283
가상현실(VR),https://finance.naver.com/sise/sise_group_detail.naver?type=theme&no=352
시멘트/레미콘,https://finance.naver.com/sise/sise_group_detail.naver?type=theme&no=44
수자원(양적/질적 개선),https://finance.naver.com/sise/sise_group_detail.naver?type=theme&no=184
맥신(MXene),https://finance.naver.com/sise/sise_group_detail.naver?type=theme&no=539
공기청정기,https://finance.naver.com/sise/sise_group_detail.naver?type=theme&no=112
골프,https://finance.naver.com/sise/sise_group_detail.naver?type=theme&no=496
스마트폰,https://finance.naver.com/sise/sise_group_detail.naver?type=theme&no=279
4차산업 수혜주,https://finance.naver.com/sise/sise_group_detail.naver?type=theme&no=375
크래프톤 관련주,https://finance.naver.com/sise/sise_group_detail.naver?type=theme&no=486
미디어(방송/신문),https://finance.naver.com/sise/sise_group_detail.naver?type=theme&no=232
남-북-러 가스관사업,https://finance.naver.com/sise/sise_group_detail.naver?type=theme&no=313
철강 주요종목,https://finance.naver.com/sise/sise_group_detail.naver?type=theme&no=62
강관업체(Steel pipe),https://finance.naver.com/sise/sise_group_detail.naver?type=theme&no=223
인터넷은행,https://finance.naver.com/sise/sise_group_detail.naver?type=theme&no=343
전자파,https://finance.naver.com/sise/sise_group_detail.naver?type=theme&no=18
스마트카(SMART CAR),https://finance.naver.com/sise/sise_group_detail.naver?type=theme&no=332
핀테크(FinTech),https://finance.naver.com/sise/sise_group_detail.naver?type=theme&no=342
마스크,https://finance.naver.com/sise/sise_group_detail.naver?type=theme&no=285
리모델링/인테리어,https://finance.naver.com/sise/sise_group_detail.naver?type=theme&no=13
5G(5세대 이동통신),https://finance.naver.com/sise/sise_group_detail.naver?type=theme&no=373
백신여권,https://finance.naver.com/sise/sise_group_detail.naver?type=theme&no=485
기업인수목적회사(SPAC),https://finance.naver.com/sise/sise_group_detail.naver?type=theme&no=284
쿠팡(coupang),https://finance.naver.com/sise/sise_group_detail.naver?type=theme&no=474
NI(네트워크통합),https://finance.naver.com/sise/sise_group_detail.naver?type=theme&no=56
풍력에너지,https://finance.naver.com/sise/sise_group_detail.naver?type=theme&no=188
플렉서블 디스플레이,https://finance.naver.com/sise/sise_group_detail.naver?type=theme&no=382
"스포츠행사 수혜(올림픽, 월드컵 등)",https://finance.naver.com/sise/sise_group_detail.naver?type=theme&no=290
네옴시티,https://finance.naver.com/sise/sise_group_detail.naver?type=theme&no=519
항공기부품,https://finance.naver.com/sise/sise_group_detail.naver?type=theme&no=379
미용기기,https://finance.naver.com/sise/sise_group_detail.naver?type=theme&no=513
철강 중소형,https://finance.naver.com/sise/sise_group_detail.naver?type=theme&no=72
日제품 불매운동(수혜),https://finance.naver.com/sise/sise_group_detail.naver?type=theme&no=421
폴더블폰,https://finance.naver.com/sise/sise_group_detail.naver?type=theme&no=404
클라우드 컴퓨팅,https://finance.naver.com/sise/sise_group_detail.naver?type=theme&no=276
코로나19(혈장치료/혈장치료제),https://finance.naver.com/sise/sise_group_detail.naver?type=theme&no=437
조선기자재,https://finance.naver.com/sise/sise_group_detail.naver?type=theme&no=94
아스콘(아스팔트 콘크리트),https://finance.naver.com/sise/sise_group_detail.naver?type=theme&no=402
자원개발,https://finance.naver.com/sise/sise_group_detail.naver?type=theme&no=79
남북경협,https://finance.naver.com/sise/sise_group_detail.naver?type=theme&no=121
전자결제(전자화폐),https://finance.naver.com/sise/sise_group_detail.naver?type=theme&no=272
K-뉴딜지수,https://finance.naver.com/sise/sise_group_detail.naver?type=theme&no=456
폐기물처리,https://finance.naver.com/sise/sise_group_detail.naver?type=theme&no=197
드론(Drone),https://finance.naver.com/sise/sise_group_detail.naver?type=theme&no=349
광고,https://finance.naver.com/sise/sise_group_detail.naver?type=theme&no=59
영화,https://finance.naver.com/sise/sise_group_detail.naver?type=theme&no=48
모바일솔루션(스마트폰),https://finance.naver.com/sise/sise_group_detail.naver?type=theme&no=288
RFID(NFC 등),https://finance.naver.com/sise/sise_group_detail.naver?type=theme&no=97
모바일콘텐츠(스마트폰/태블릿PC),https://finance.naver.com/sise/sise_group_detail.naver?type=theme&no=270
휴대폰부품,https://finance.naver.com/sise/sise_group_detail.naver?type=theme&no=40
재택근무/스마트워크,https://finance.naver.com/sise/sise_group_detail.naver?type=theme&no=435
해저터널(지하화/지하도로 등),https://finance.naver.com/sise/sise_group_detail.naver?type=theme&no=213
AI 챗봇(챗GPT 등),https://finance.naver.com/sise/sise_group_detail.naver?type=theme&no=529
황사/미세먼지,https://finance.naver.com/sise/sise_group_detail.naver?type=theme&no=19
탈모 치료,https://finance.naver.com/sise/sise_group_detail.naver?type=theme&no=506
U-Healthcare(원격진료),https://finance.naver.com/sise/sise_group_detail.naver?type=theme&no=149
2차전지(소재/부품),https://finance.naver.com/sise/sise_group_detail.naver?type=theme&no=446
해운,https://finance.naver.com/sise/sise_group_detail.naver?type=theme&no=36
교육/온라인 교육,https://finance.naver.com/sise/sise_group_detail.naver?type=theme&no=52
2021 상반기 신규상장,https://finance.naver.com/sise/sise_group_detail.naver?type=theme&no=473
SSD,https://finance.naver.com/sise/sise_group_detail.naver?type=theme&no=216
2021 하반기 신규상장,https://finance.naver.com/sise/sise_group_detail.naver?type=theme&no=499
태블릿PC,https://finance.naver.com/sise/sise_group_detail.naver?type=theme&no=280
마켓컬리(kurly),https://finance.naver.com/sise/sise_group_detail.naver?type=theme&no=481
코로나19(음압병실/음압구급차),https://finance.naver.com/sise/sise_group_detail.naver?type=theme&no=452
바이오인식(생체인식),https://finance.naver.com/sise/sise_group_detail.naver?type=theme&no=106
전선,https://finance.naver.com/sise/sise_group_detail.naver?type=theme&no=178
MVNO(가상이동통신망사업자),https://finance.naver.com/sise/sise_group_detail.naver?type=theme&no=315
수소차(연료전지/부품/충전소 등),https://finance.naver.com/sise/sise_group_detail.naver?type=theme&no=386
화폐/금융자동화기기(디지털화폐 등),https://finance.naver.com/sise/sise_group_detail.naver?type=theme&no=8
PCB(FPCB 등),https://finance.naver.com/sise/sise_group_detail.naver?type=theme&no=287
영상콘텐츠,https://finance.naver.com/sise/sise_group_detail.naver?type=theme&no=127
LNG(액화천연가스),https://finance.naver.com/sise/sise_group_detail.naver?type=theme&no=381
보톡스(보툴리눔톡신),https://finance.naver.com/sise/sise_group_detail.naver?type=theme&no=397
리비안(RIVIAN),https://finance.naver.com/sise/sise_group_detail.naver?type=theme&no=501
건설기계,https://finance.naver.com/sise/sise_group_detail.naver?type=theme&no=378
스마트팩토리(스마트공장),https://finance.naver.com/sise/sise_group_detail.naver?type=theme&no=392
자율주행차,https://finance.naver.com/sise/sise_group_detail.naver?type=theme&no=362
건설 중소형,https://finance.naver.com/sise/sise_group_detail.naver?type=theme&no=322
정유,https://finance.naver.com/sise/sise_group_detail.naver?type=theme&no=185
우크라이나 재건,https://finance.naver.com/sise/sise_group_detail.naver?type=theme&no=517
원자력발전,https://finance.naver.com/sise/sise_group_detail.naver?type=theme&no=205
사물인터넷,https://finance.naver.com/sise/sise_group_detail.naver?type=theme&no=334
겨울,https://finance.naver.com/sise/sise_group_detail.naver?type=theme&no=266
타이어,https://finance.naver.com/sise/sise_group_detail.naver?type=theme&no=167
니켈,https://finance.naver.com/sise/sise_group_detail.naver?type=theme&no=511
OLED(유기 발광 다이오드),https://finance.naver.com/sise/sise_group_detail.naver?type=theme&no=9
출산장려정책,https://finance.naver.com/sise/sise_group_detail.naver?type=theme&no=139
웹툰,https://finance.naver.com/sise/sise_group_detail.naver?type=theme&no=488
전력설비,https://finance.naver.com/sise/sise_group_detail.naver?type=theme&no=123
시스템반도체,https://finance.naver.com/sise/sise_group_detail.naver?type=theme&no=307
2020 하반기 신규상장,https://finance.naver.com/sise/sise_group_detail.naver?type=theme&no=440
철도,https://finance.naver.com/sise/sise_group_detail.naver?type=theme&no=250
셰일가스(Shale Gas),https://finance.naver.com/sise/sise_group_detail.naver?type=theme&no=323
자동차부품,https://finance.naver.com/sise/sise_group_detail.naver?type=theme&no=27
양자암호,https://finance.naver.com/sise/sise_group_detail.naver?type=theme&no=426
엔젤산업,https://finance.naver.com/sise/sise_group_detail.naver?type=theme&no=316
구제역/광우병 수혜,https://finance.naver.com/sise/sise_group_detail.naver?type=theme&no=16
LCD 부품/소재,https://finance.naver.com/sise/sise_group_detail.naver?type=theme&no=3
조선,https://finance.naver.com/sise/sise_group_detail.naver?type=theme&no=30
육계,https://finance.naver.com/sise/sise_group_detail.naver?type=theme&no=60
코로나19(스푸트니크V),https://finance.naver.com/sise/sise_group_detail.naver?type=theme&no=477
음성인식,https://finance.naver.com/sise/sise_group_detail.naver?type=theme&no=302
스마트그리드(지능형전력망),https://finance.naver.com/sise/sise_group_detail.naver?type=theme&no=229
증강현실(AR),https://finance.naver.com/sise/sise_group_detail.naver?type=theme&no=289
통신장비,https://finance.naver.com/sise/sise_group_detail.naver?type=theme&no=92
LED장비,https://finance.naver.com/sise/sise_group_detail.naver?type=theme&no=269
캐릭터상품,https://finance.naver.com/sise/sise_group_detail.naver?type=theme&no=45
보안주(물리),https://finance.naver.com/sise/sise_group_detail.naver?type=theme&no=234
2차전지,https://finance.naver.com/sise/sise_group_detail.naver?type=theme&no=64
키오스크(KIOSK),https://finance.naver.com/sise/sise_group_detail.naver?type=theme&no=385
석유화학,https://finance.naver.com/sise/sise_group_detail.naver?type=theme&no=180
2022 상반기 신규상장,https://finance.naver.com/sise/sise_group_detail.naver?type=theme&no=509
엠폭스(원숭이두창),https://finance.naver.com/sise/sise_group_detail.naver?type=theme&no=516
반도체 재료/부품,https://finance.naver.com/sise/sise_group_detail.naver?type=theme&no=14
치아 치료(임플란트 등),https://finance.naver.com/sise/sise_group_detail.naver?type=theme&no=174
북한 광물자원개발,https://finance.naver.com/sise/sise_group_detail.naver?type=theme&no=399
피팅(관이음쇠)/밸브,https://finance.naver.com/sise/sise_group_detail.naver?type=theme&no=520
CCTV＆DVR,https://finance.naver.com/sise/sise_group_detail.naver?type=theme&no=28
온실가스(탄소배출권),https://finance.naver.com/sise/sise_group_detail.naver?type=theme&no=152
그래핀,https://finance.naver.com/sise/sise_group_detail.naver?type=theme&no=415
3D 낸드(NAND),https://finance.naver.com/sise/sise_group_detail.naver?type=theme&no=370
의료기기,https://finance.naver.com/sise/sise_group_detail.naver?type=theme&no=175
4대강 복원,https://finance.naver.com/sise/sise_group_detail.naver?type=theme&no=374
화장품,https://finance.naver.com/sise/sise_group_detail.naver?type=theme&no=110
조림사업,https://finance.naver.com/sise/sise_group_detail.naver?type=theme&no=400
코로나19(렘데시비르),https://finance.naver.com/sise/sise_group_detail.naver?type=theme&no=443
2022 하반기 신규상장,https://finance.naver.com/sise/sise_group_detail.naver?type=theme&no=518
코로나19(카모스타트),https://finance.naver.com/sise/sise_group_detail.naver?type=theme&no=453
태양광에너지,https://finance.naver.com/sise/sise_group_detail.naver?type=theme&no=191
국내 상장 중국기업,https://finance.naver.com/sise/sise_group_detail.naver?type=theme&no=228
건강기능식품,https://finance.naver.com/sise/sise_group_detail.naver?type=theme&no=487
2023 상반기 신규상장,https://finance.naver.com/sise/sise_group_detail.naver?type=theme&no=522
농업,https://finance.naver.com/sise/sise_group_detail.naver?type=theme&no=206
리튬,https://finance.naver.com/sise/sise_group_detail.naver?type=theme&no=523
전기차,https://finance.naver.com/sise/sise_group_detail.naver?type=theme&no=227
터치패널(스마트폰/태블릿PC 등),https://finance.naver.com/sise/sise_group_detail.naver?type=theme&no=209
슈퍼박테리아,https://finance.naver.com/sise/sise_group_detail.naver?type=theme&no=294
페라이트,https://finance.naver.com/sise/sise_group_detail.naver?type=theme&no=534
카지노,https://finance.naver.com/sise/sise_group_detail.naver?type=theme&no=47
2차전지(전고체),https://finance.naver.com/sise/sise_group_detail.naver?type=theme&no=472
우주항공산업(누리호/인공위성 등),https://finance.naver.com/sise/sise_group_detail.naver?type=theme&no=200
2019 상반기 신규상장,https://finance.naver.com/sise/sise_group_detail.naver?type=theme&no=414
반도체 장비,https://finance.naver.com/sise/sise_group_detail.naver?type=theme&no=12
도시가스,https://finance.naver.com/sise/sise_group_detail.naver?type=theme&no=176
전기자전거,https://finance.naver.com/sise/sise_group_detail.naver?type=theme&no=268
로봇(산업용/협동로봇 등),https://finance.naver.com/sise/sise_group_detail.naver?type=theme&no=505
MLCC(적층세라믹콘덴서),https://finance.naver.com/sise/sise_group_detail.naver?type=theme&no=405
윤활유,https://finance.naver.com/sise/sise_group_detail.naver?type=theme&no=527
전력저장장치(ESS),https://finance.naver.com/sise/sise_group_detail.naver?type=theme&no=329
2019 하반기 신규상장,https://finance.naver.com/sise/sise_group_detail.naver?type=theme&no=420
폐배터리,https://finance.naver.com/sise/sise_group_detail.naver?type=theme&no=500
DMZ 평화공원,https://finance.naver.com/sise/sise_group_detail.naver?type=theme&no=398
K-뉴딜지수(바이오),https://finance.naver.com/sise/sise_group_detail.naver?type=theme&no=458
지능형로봇/인공지능(AI),https://finance.naver.com/sise/sise_group_detail.naver?type=theme&no=99
고령화 사회(노인복지),https://finance.naver.com/sise/sise_group_detail.naver?type=theme&no=311
메르스 코로나 바이러스,https://finance.naver.com/sise/sise_group_detail.naver?type=theme&no=346
코로나19(덱사메타손),https://finance.naver.com/sise/sise_group_detail.naver?type=theme&no=442
화학섬유,https://finance.naver.com/sise/sise_group_detail.naver?type=theme&no=319
제대혈,https://finance.naver.com/sise/sise_group_detail.naver?type=theme&no=124
보안주(정보),https://finance.naver.com/sise/sise_group_detail.naver?type=theme&no=55
2차전지(장비),https://finance.naver.com/sise/sise_group_detail.naver?type=theme&no=445
선박평형수 처리장치,https://finance.naver.com/sise/sise_group_detail.naver?type=theme&no=363
K-뉴딜지수(2차전지),https://finance.naver.com/sise/sise_group_detail.naver?type=theme&no=457
마이크로바이옴,https://finance.naver.com/sise/sise_group_detail.naver?type=theme&no=470
자전거,https://finance.naver.com/sise/sise_group_detail.naver?type=theme&no=210
